{
  "_generated": "Generated by SweetTooth, do not edit",
  "description": "Logo Menu - Menu similar to Apple's macOS menu for the GNOME Desktop\nThis extension gives a simple menu along with the ability to get the icon of your distro on top left part of the panel for a great look.\nThe Icon can be customized through settings, it has both Linux and BSD logos.\nfor more screenshots, visit GitHub.\n\nThe default Terminal and Software center can also be changed.\n\nThis extension is a fork of - https://github.com/tofutech/tofumenu\n\nThe original project is no more supported thus I made this.",
  "gettext-domain": "logo-menu",
  "name": "Logo Menu",
  "settings-schema": "org.gnome.shell.extensions.logo-menu",
  "shell-version": [
    "3.30",
    "3.34",
    "3.32",
    "3.36",
    "3.38",
    "40",
    "41",
    "42",
    "43",
    "44"
  ],
  "url": "https://github.com/Aryan20/Logomenu",
  "uuid": "logomenu@aryan_k",
  "version": 24,
  "version-name": "20.legacy"
}